Vostro 15 3568,19199,Dell Vostro 3300 Laptop Keyboard,1497,1
inspiron 3481,23990,Dell  14 inch Laptop Bagpack,1681,1
Inspiron 3583,24250,Dell MS 116 Wired Optical Mouse,1735,1
Inspiron 3565,24300,Dell Premier Sleeve 14,1602,1
Vostro 3480,25300,Dell USB-C Mobile Adapter-DA300,1024,1
Inspiron 14,26490,Dell SI 002 Wired Optical Mouse,1607,1
Dell Vostro 14,27490,Dell Adapter USB-C to Dual USB-A,1465,2
inspiron 3584,28490,Dell KM117 Wireless Laptop Keyboard,712,2
Vostro 14 3458,28199,Dell Strereo Soundbar-AC511M,841,2
Inspiron 15 3584,28489,Dell Professionl Backpack,1117,2
Latitude 3490,30040,Dell SI 002 Wired Optical Mouse,986,2
Vostro 15 3558,30990,Dell WM 126 Wireless Optical Mouse,1545,2
Vostro 14 3490,31110,Dell USB-C Mobile Adapter-DA300,985,3
Vostro 14 3480,32109,Dell Pro Backpack 15,896,3
Inspiron 15 3584,32489,Dell Inspiron 1464  Keyboard,1260,3
Inspiron 15 3542,32751,Dell  15.6 inch Laptop Bagpack,781,3
Inspiron 15 3558,33560,Dell Premier Sleeve 14,1940,3
Inspiron 14 5480,34989,Dell Adapter USB-C to Dual USB-A,1480,3
Inspiron 15 5558,36700,Dell Wireless WM514,814,4
Inspiron 15 5580,37489,Dell Professionl Backpack,1612,4
Vostro 15 3558,37500,Dell USB-C Mobile Adapter-DA300,1465,4
Inspiron 14 5490,39089,Dell SI 002 Wired Optical Mouse,1894,4
Inspiron 15 5590,40589,Dell Professionl Backpack,744,4
Inspiron 15 3542,42790,Dell Thunderbolt Dock TB16-240W,1092,4
Vostro 15 3580,43298, Dell Vostro 3300 Laptop Keyboard,1538,5
Inspiron 14 5482,43839,Dell Inspiron1464  Keyboard,1949,5
Inspiron 14 5480,47989,Dell Adapter USB-C to Dual USB-A,1295,5
Inspiron 15 5580,48789,Dell Wireless WM514,1616,5
Inspiron 15 3583,49089,Dell SI 002 Wired Optical Mouse,1836,5
Vostro 15 3590,49391,Dell Pro Stereo Headset UC150,1764,5
Vostro 14 3490,50398,Dell USB-C Mobile Adapter-DA300,1142,6
Inspiron 15 5590,52589,Dell Inspiron1464 Keyboard,1658,6
Vostro 14 3590,55498,Dell Adapter USB-C to Dual USB-A,1221,6
Vostro 14 5490,56367,Dell Premier Sleeve 14,820,6
Inspiron 15 3593,57398,Dell Pro Backpack 15,1436,6
Inspiron 14 5490,59189,Dell Inspiron1464  Keyboard,1210,6
Inspiron 13 5390,65689,Dell Wireless WM514,1693,7
Vostro 14 5481,66999,Dell Professionl Backpack,1041,7
Vostro 14 5490,67999,Dell Vostro 3300 Laptop Keyboard,1525,7
Inspiron 15 5558,69900,Dell Thunderbolt Dock TB16-240W,506,7
Inspiron 15 7568,70716,Dell  15.6 inch Laptop Bagpack,1228,7
Inspiron 15 5590,71989,Dell Pro Backpack 15,985,7
Inspiron 13 7386,72490,Dell Pro Stereo Headset UC350,992,8
Inspiron 15 7591,74254,Dell USB-C Mobile Adapter-DA300,935,8
Inspiron 13 5390,74389,Dell SI 002 Wired Optical Mouse,1589,8
Latitude 7690,74960,Dell Pro Stereo Headset UC150,600,8
Inspiron 14 7460,74990,Dell Adapter USB-C to Dual USB-A,1413,8
Inspiron 15 7559,74990,Dell Inspiron1464  Keyboard,1044,8
Latitude 3500,80500,Dell Thunderbolt Dock TB16-240W,1638,8
G5 Gaming Notebook,80850,Dell Strereo Soundbar-AC511M,1933,9
G3 3579,85300,Dell Legacy Adapter LD17,1474,9
Inspiron 15 7591,86189,Dell Wireless WM514,1983,9
Latitude 3400,88895,Dell Premier Sleeve 14,1948,9
Dell Inspiron i7,89990,Dell Inspiron1464  Keyboard,1056,9
Inspiron i5,90099,Dell USB-C Mobile Adapter-DA300,1230,9
Latitude 5290,90990,Dell Pro Backpack 15,1240,10
Inspiron 15 7559,98591,Dell Pro Stereo Headset UC150,1197,10
Vostro 15 3546,100000,Dell Mouse with Fingerprint Reader,762,10
Alienware 13,100590,Alienware Graphics Amplifier,1157,10
Inspiron 15 7567,100990,Dell Adapter USB-C to Dual USB-A,619,10
Latitude 52585,108500,Dell SI 002 Wired Optical Mouse,1222,10
Latitude 3400,101444,Dell Legacy Adapter LD17,840,11
Latitude 3500,102137,Dell Adapter USB-C to Dual USB-A,810,11
Latitude 5500,113311,Dell Wireless Keyboard and Mouse,1806,11
XPS 13 7590,114999,Dell Latitude 7285 Productivity Keyboard ,1691,11
Latitude 5400,116559,Dell Thunderbolt Dock TB16-240W,1127,11
Latitude 3301,117970,Dell Premier Wireless Mouse,1247,11
XPS 15 7590,121000,Dell Pro Stereo Headset UC350,1332,12
Latitude 3400,122641,Dell Latitufe2-in-1 Travel Keyboard,951,12
Alienware 13,123990,Allienware Pro Gaming Keyboard,1477,12
Inspiron 15 7591,124189,Dell Inspiron1464  Keyboard,1391,12
XPS 13 7390,126999,Dell Wireless WM514,1417,12
Latitude 5500,127372,Dell Legacy Adapter LD17,1974,12
Latitude 3301,142557,Dell Latitufe2-in-1 Travel Keyboard,1224,13
Latitude 7300,156310,Dell Latitufe2-in-1 Travel Keyboard,1162,13
Latitude 5300,158394,Dell Latitufe2-in-1 Travel Keyboard,1018,13
XPS 15 7590,163000,Dell Adapter USB-C to Dual USB-A,1883,13
XPS 13 7390,175499,Dell Pro Stereo Headset UC350,505,13
Latitude 7400,178353,Dell Thunderbolt Dock TB16-240W,1212,13
Latitude 500,185968,Dell Strereo Soundbar-AC511M,849,14
Latitude 7400,196256,Dell Premier Backpack 15,905,14
Alienware m15,196689,Allienware Pro Gaming Keyboard,1774,14
Dell Alienware 17,200989,Allienware Pro Gaming Keyboard,718,14
Latitude 7200,210831,Dell Energy Backpack 15,1008,14
XPS 15 7590,247000,Advance Gaming Mouse:AW558,753,14
