MacBook Pro,Executive
Macbook Air,Executive
250 G6,Student
MacBook Pro,Executive
MacBook Pro,Executive
Aspire 3,Student
MacBook Pro,Executive
Macbook Air,Executive
ZenBook UX430UN,Executive
Swift 3,Executive
250 G6,Student
250 G6,Student
MacBook Pro,Executive
Inspiron 3567,Student
MacBook 12,Executive
MacBook Pro,Executive
Inspiron 3567,Student
MacBook Pro,Executive
IdeaPad 320-15IKB,Student
XPS 13,Executive
Vivobook E200HA,Home User
Legion Y520-15IKBN,Gamer
255 G6,Student
Inspiron 5379,Home User
15-BS101nv i7-8550U8GB256GBFHDW10,Executive
Inspiron 3567,Student
MacBook Air,Executive
Inspiron 5570,Student
Latitude 5590,Executive
ProBook 470,Student
LapBook 15.6,Student
E402WA-GA010T E2-61102GB32GBW10,Student
17-ak001nv A6-92204GB500GBRadeon,Student
XPS 13,Executive
MacBook Air,Executive
IdeaPad 120S-14IAP,Student
Aspire 3,Student
Inspiron 5770,Student
250 G6,Student
ProBook 450,Student
X540UA-DM186 i3-6006U4GB1TBFHDLinux,Student
Inspiron 7577,Gamer
X542UQ-GO005 i5-7200U8GB1TBGeForce,Student
Aspire A515-51G,Student
Inspiron 7773,Home User
MacBook Pro,Executive
IdeaPad 320-15ISK,Student
Rog Strix,Gamer
Inspiron 3567,Student
X751NV-TY001T N42004GB1TBGeForce,Student
Yoga Book,Home User
Aspire A515-51G,Student
255 G6,Student
ProBook 430,Student
Aspire 3,Student
Inspiron 3576,Student
15-bs002nv i3-6006U4GB128GBFHDW10,Student
VivoBook Max,Student
GS73VR 7RG,Gamer
X541UA-DM1897 i3-6006U4GB256GBFHDLinux,Student
Inspiron 5770,Student
Vostro 5471,Executive
IdeaPad 520S-14IKB,Student
UX410UA-GV350T i5-8250U8GB256GBFHDW10,Student
250 G6,Student
ZenBook Pro,Executive
250 G6,Student
Stream 14-AX040wm,Student
V310-15ISK i5-7200U4GB1TBFHDW10,Student
FX753VE-GC093 i7-7700HQ12GB1TBGeForce,Gamer
Surface Laptop,Executive
Inspiron 5370,Executive
Inspiron 5570,Student
GL72M 7RDX,Gamer
Aspire E5-475,Student
FX503VD-E4022T i7-7700HQ8GB1TBGeForce,Gamer
IdeaPad 320-15IKBN,Student
Inspiron 5570,Student
Aspire A515-51G-32MX,Student
ProBook 470,Student
Latitude 5590,Executive
MacBook 12,Executive
ProBook 440,Student
IdeaPad 320-15AST,Student
Aspire 3,Student
Inspiron 7577,Gamer
Pavilion 15-CK000nv,Executive
250 G6,Student
FX503VM-E4007T i7-7700HQ16GB1TB,Gamer
XPS 13,Executive
FX550IK-DM018T FX-9830P8GB1TBRadeon,Gamer
Aspire 5,Student
Probook 430,Student
Inspiron 7577,Gamer
Zenbook UX430UA,Executive
Spin 5,Home User
Inspiron 3567,Student
Inspiron 3567,Student
X541UV-DM1439T i3-7100U6GB256GBGeForce,Student
Omen 15-ce007nv,Gamer
15-bs017nv i7-7500U8GB256GBRadeon,Student
15-bw000nv E2-9000e4GB500GBRadeon,Student
Inspiron 3576,Student
Envy 13-ad009n,Executive
Surface Laptop,Executive
Pavilion 14-BK001nv,Student
Ideapad 310-15ISK,Student
UX430UQ-GV209R i7-7500U8GB256GBGeForce,Executive
GP62M 7REX,Gamer
Thinkpad T470,Student
VivoBook S15,Executive
XPS 13,Executive
ThinkPad Yoga,Home User
Probook 440,Student
XPS 13,Executive
Spectre x360,Home User
Probook 440,Student
Inspiron 7570,Student
X705UV-BX074T i3-6006U4GB1TBGeForce,Student
VivoBook S15,Student
Spin 3,Student
GS63VR 7RG,Gamer
IdeaPad 320-15IKBN,Student
Probook 470,Student
Aspire 3,Student
250 G6,Student
Probook 440,Student
E402WA-GA007T E2-61104GB64GBW10,Student
Inspiron 5770,Student
ProBook 470,Student
Inspiron 5567,Student
Inspiron 3567,Student
Swift 3,Executive
Aspire A515-51G-37JS,Student
15-BS078nr i7-7500U8GB1TBW10,Student
Probook 440,Student
V110-15IAP N33504GB1TBNo,Student
FX753VD-GC086T i5-7300HQ8GB1TB,Gamer
IdeaPad 320-15IKBN,Student
Envy 13-AD007nv,Student
Aspire 5,Student
ThinkPad E480,Student
Legion Y520-15IKBN,Gamer
Satellite Pro,Student
255 G6,Student
ZenBook UX430UA,Executive
EliteBook Folio,Executive
X541NA N33504GB1TBFHDW10,Student
GE72MVR 7RG,Gamer
Aspire A315-51,Student
Inspiron 5577,Gamer
Inspiron 7567,Gamer
V110-15IKB i5-7200U4GB128GBW10,Student
GE73VR 7RE,Gamer
EliteBook 840,Executive
15-BS103nv i5-8250U6GB256GBRadeon,Student
Yoga 520-14IKB,Home User
ZenBook Flip,Home User
Inspiron 5579,Home User
Satellite Pro,Student
X555BP-XX180T A9-94204GB1TBRadeon,Student
Aspire A517-51G,Student
Inspiron 3576,Student
Legion Y520-15IKBN,Gamer
Aspire A315-31,Student
GE63VR 7RE,Gamer
Aspire 3,Student
Inspiron 5577,Gamer
Aspire A517-51G,Student
ProBook 430,Student
MateBook X,Executive
17-bs001nv i5-7200U6GB2TBRadeon,Student
IdeaPad 320-15AST,Student
Satellite Pro,Student
ProBook 470,Student
Inspiron 3567,Student
Aspire A315-51,Student
GT80S 6QF-074US,Gamer
V310-15IKB i5-7200U8GB1TB,Student
Spectre x360,Home User
Inspiron 5570,Student
XPS 13,Executive
Yoga 920-13IKB,Home User
Satellite Pro,Student
Mi Student,Student
Inspiron 7773,Student
XPS 15,Student
Legion Y520-15IKBN,Gamer
Swift 7,Executive
Inspiron 5770,Student
Thinkpad Yoga,Home User
K147 N33504GB32GBFHDW10,Student
Mi Student,Executive
IdeaPad 320-17IKBR,Student
Inspiron 5379,Home User
ProBook 470,Student
Blade Pro,Gamer
ProBook 430,Student
Omen 17-W295,Gamer
Probook 470,Student
Inspiron 7577,Gamer
V110-15ISK i5-6200U4GB128GBW10,Student
Aspire E5-576G,Student
Legion Y720-15IKB,Gamer
Precision 7520,Data Scientist
Legion Y520-15IKBN,Gamer
Inspiron 3567,Student
XPS 13,Executive
XPS 13,Executive
IdeaPad 320-15IKBN,Student
Aspire 7,Student
ROG GL703VD-GC028T,Gamer
15-bs018nq i3-6006U4GB500GBFHDNo,Student
IdeaPad 320-15IKBN,Student
MateBook X,Executive
Inspiron 5370,Executive
IdeaPad 320-17IKB,Student
Probook 440,Student
Latitude 5490,Executive
Inspiron 5379,Home User
Inspiron 3576,Student
Yoga 520-14IKB,Home User
Portege Z30-C-16L,Executive
ProBook 450,Student
Alienware 17,Gamer
Aspire E5-576G,Student
Inspiron 5567,Student
Vivobook X541UV-DM1217T,Student
K756UX-T4340T i5-7200U8GB500GB,Student
ZBook 15u,Student
Pro P2540UA-XO0198T,Student
15-rb013nv E2-9000e4GB500GBW10,Student
Legion Y720-15IKB,Gamer
Vostro 5468,Student
Aspire R7,Home User
Inspiron 5567,Student
Aspire A315-51,Student
X555QG-DM242T A10-9620P4GB1TB,Student
ROG G703VI-E5062T,Gamer
Nitro AN515-51,Gamer
IdeaPad 320-15ISK,Student
VivoBook Pro,Student
F756UX-T4201D i7-7500U8GB128GB,Student
Inspiron 5577,Gamer
Yoga 910-13IKB,Home User
Inspiron 5570,Student
15-bs015dx i5-7200U8GB1TBW10,Student
Rog G701VIK-BA060T,Gamer
ProBook 430,Student
MacBook Pro,Executive
Inspiron 5579,Home User
ROG G752VSK-GC493T,Gamer
X505BP-BR019T A9-94204GB1TBRadeon,Student
Yoga 920-13IKB,Home User
Aspire 5,Student
Vostro 5370,Executive
15-BW094nd A6-92208GB128GBW10,Student
Envy 17-U275cl,Student
GT73EVR 7RE,Gamer
Yoga 720-15IKB,Home User
Inspiron 5770,Student
IdeaPad 320-15ISK,Student
ProBook 450,Student
Vostro 3568,Student
Inspiron 3567,Student
Inspiron 5579,Home User
ZenBook Flip,Home User
IdeaPad 320-15IKBN,Student
Probook 470,Student
V330-15IKB i7-8550U8GB256GBFHDW10,Student
MacBook Pro,Executive
Rog Strix,Gamer
Inspiron 3576,Student
ThinkPad X1,Home User
Satellite Pro,Student
Inspiron 5567,Student
Inspiron 5770,Student
Aspire A515-51G,Student
IdeaPad 320-17ISK,Student
IdeaPad 320-17IKBR,Student
IdeaPad 320-17IKB,Student
Inspiron 3567,Student
Legion Y520-15IKBN,Gamer
Ideapad 320-15IKBN,Student
Aspire A517-51G,Student
SP315-51 i7-7500U12GB1TBFHDW10,Student
Thinkpad T570,Student
VivoBook S15,Executive
Legion Y520-15IKBN,Gamer
IdeaPad 320-15IKB,Student
Chromebook C910-C2ST,Student
FX753VD-GC071T i7-7700HQ8GB1TBGeForce,Gamer
17-BS037cl i3-6006U8GB1TBW10,Student
XPS 15,Student
V330-15IKB i5-8250U8GB256GBFHDW10,Student
Legion Y720-15IKB,Gamer
Aspire A715-71G,Student
Precision 7720,Data Scientist
IdeaPad 310-15ABR,Student
ZenBook UX530UQ-PRO,Executive
VivoBook S14,Student
Rog GL702VS-GC095T,Gamer
IdeaPad 320-17IKB,Student
IdeaPad 320-15IKBN,Student
GL553VE-FY082T i7-7700HQ8GB1TB,Gamer
IdeaPad 320-15IAP,Student
EliteBook x360,Home User
Satellite Pro,Student
IdeaPad 320-15IKB,Student
250 G6,Student
IdeaPad 720S-13IKB,Student
XPS 13,Executive
GE63VR 7RF,Gamer
ES1-523-84K7 A8-74108GB256GBFHDW10,Student
VivoBook Flip,Home User
Inspiron 5570,Student
Spectre x360,Home User
ThinkPad 13,Student
ProBook 640,Student
TravelMate B,Student
Elitebook 840,Student
IdeaPad 320-17IKB,Student
ZenBook UX410UA-GV183T,Student
ProBook 450,Student
Aspire 5,Student
IdeaPad 120S-14IAP,Student
Aspire E5-575,Student
VivoBook S15,Executive
Elitebook 820,Executive
XPS 15,Student
GL72M 7REX,Gamer
Satellite Pro,Student
UX510UX-CN269T i7-7500U8GB256GB,Student
V310-15ISK i3-6006U4GB1TBFHDW10,Student
FX553VD-FY647T i7-7700HQ8GB256GBGeForce,Gamer
EliteBook 840,Student
Inspiron 7570,Executive
Elitebook 850,Student
X541NA N33504GB1TBLinux,Student
Inspiron 7570,Student
Inspiron 3552,Student
IdeaPad 320-15ABR,Student
ProBook 450,Student
Yoga 920-13IKB,Home User
XPS 13,Executive
Legion Y520-15IKBN,Gamer
Stream 14-AX001nv,Student
Latitude 5590,Executive
VivoBook Flip,Home User
Inspiron 5570,Executive
XPS 15,Student
Elitebook 850,Student
GP72MVR 7RFX,Gamer
Zbook 15,Data Scientist
Tecra A50-C-21G,Student
Inspiron 5570,Student
IdeaPad 320-15IAP,Student
Inspiron 7577,Gamer
Inspiron 3567,Student
Latitude 7480,Student
250 G6,Student
Zenbook UX410UA-GV027T,Student
IdeaPad 320-17IKB,Student
250 G6,Student
IdeaPad 320-15ISK,Student
15-AY023na N37108GB2TBW10,Student
Inspiron 5770,Student
Legion Y520-15IKBN,Gamer
Inspiron 5567,Student
Elitebook 1040,Executive
ZenBook Flip,Home User
Aspire 3,Student
Rog Strix,Gamer
IdeaPad 110-17ACL,Student
Inspiron 5379,Home User
15-bw003nv A9-Series-94204GB256GBFHDW10,Student
Yoga 11e,Home User
Inspiron 3552,Student
VivoBook E403NA,Student
Aspire 7,Student
Omen 17-w212nv,Gamer
V310-15ISK i3-6006U4GB128GBFHDNo,Student
ROG Strix,Gamer
IdeaPad 720S-14IKB,Student
Zenbook Flip,Executive
Thinkpad X1,Executive
Ideapad 510S-13IKB,Student
Precision 3510,Data Scientist
Precision 5520,Data Scientist
ThinkPad X1,Home User
Rog GL753VD-GC042T,Gamer
Rog GL753VE-GC070T,Gamer
Aspire 5,Student
Leopard GP72M,Gamer
Inspiron 5567,Student
15-BW004nv A9-94204GB256GBRadeon,Executive
ThinkPad E580,Student
ThinkPad L470,Student
Precision M5520,Data Scientist
Thinkpad X1,Executive
IdeaPad 320-15IAP,Student
FX753VD-GC461T i7-7700HQ16GB1TB,Gamer
ThinkPad E580,Student
Aspire 7,Student
GE73VR 7RF,Gamer
Zenbook 3,Executive
Portege Z30-C-16P,Executive
Latitude 7480,Executive
IdeaPad 320-15ISK,Student
Lenovo IdeaPad,Student
ThinkPad P51,Data Scientist
Thinkpad T470p,Executive
15-BS028nv i3-6006U4GB1TBRadeon,Student
Aspire R7,Home User
ZenBook Flip,Home User
Inspiron 3567,Student
Latitude 3380,Student
EliteBook 1040,Executive
Inspiron 3567,Student
ThinkPad E480,Executive
Yoga 720-15IKB,Home User
LapBook 12.3,Student
ProBook 650,Student
X542UQ-DM117 i3-7100U8GB1TBGeForce,Student
Alienware 17,Gamer
Inspiron 7577,Gamer
Inspiron 5570,Student
Latitude 5480,Executive
Omen 17-w207nv,Gamer
FlexBook Edge,Home User
Chromebook 3,Home User
Thinkpad 13,Student
IdeaPad 320s-14IKB,Student
Thinkpad T570,Data Scientist
Thinkpad P51,Student
Rog Strix,Gamer
15-ra044nv N30604GB500GBW10,Student
Pixelbook Core,Executive
ThinkPad T470s,Executive
VivoBook Max,Student
IdeaPad 320-15AST,Student
Inspiron 5570,Student
ThinkPad X270,Executive
IdeaPad 320-15IAP,Student
Omen 15-AX205na,Gamer
Latitude 5480,Student
Aspire ES1-572,Student
Precision 3520,Data Scientist
GV62 7RD-1686NL,Gamer
Surface Laptop,Executive
15-bs024nv i5-7200U8GB128GBW10,Student
Precision 3520,Data Scientist
ProBook 650,Data Scientist
ThinkPad T470,Student
Inspiron 5570,Student
Inspiron 3168,Home User
Alienware 17,Student
Surface Laptop,Executive
Surface Laptop,Executive
17-BS092ND i3-6006U8GB256GBW10,Student
Aspire E5-576G,Student
TravelMate B,Home User
Pro P2540UA-AB51,Student
IdeaPad 510s-14IKB,Student
Thinkpad P51,Student
X541NA-PD1003Y N42004GB500GBW10,Student
Aspire 5,Student
Inspiron 5570,Student
Omen 17-an006nv,Gamer
Thinkpad T460s,Executive
Spectre x360,Home User
ZBook 15u,Student
Pixelbook Core,Executive
Latitude 7390,Executive
ZenBook Pro,Student
Latitude E5470,Student
Precision M5520,Data Scientist
Thinkpad T470,Student
Inspiron 3576,Student
Portege X30-D-10J,Student
Inspiron 7570,Student
Vostro 3568,Student
ProBook 430,Student
Lapbook 15,6,Student
ThinkPad E570,Student
ThinkPad E480,Student
Precision 3520,Data Scientist
XPS 15,Student
Thinkpad X270,Executive
Zenbook UX390UA,Executive
Thinkpad E570,Student
Portege X30-D-10L,Executive
VivoBook Pro,Gamer
Aspire 5,Student
Rog G752VL-UH71T,Gamer
Thinkpad X260,Executive
Ideapad 520-15IKBR,Student
EliteBook 840,Student
ThinkPad 13,Student
ThinkPad L570,Student
VivoBook E201NA,Home User
15-BS026nv i5-7200U8GB256GBRadeon,Student
Yoga 920-13IKB,Home User
IdeaPad 320-14IAP,Student
Chromebook N23,Home User
ThinkPad 13,Student
ZenBook UX510UX-CN211T,Student
Aspire A515-51G-59QF,Student
Envy 13-AB002nv,Executive
Legion Y520-15IKBN,Gamer
XPS 13,Executive
Aspire A515-51G,Student
Vostro 5568,Student
Inspiron 5570,Student
Mi Student,Student
VivoBook E12,Home User
15-bs190od i5-8250U4GB1TBW10,Student
ROG Zephyrus,Gamer
Probook 450,Student
FX753VE-GC155T i7-7700HQ16GB1TB,Gamer
Legion Y720-15IKB,Gamer
Spectre X360,Executive
Latitude 5480,Student
ProBook 440,Student
Inspiron 5770,Student
ThinkPad L470,Student
IdeaPad 320-15IKB,Student
IdeaPad 320-15ISK,Student
Inspiron 3567,Student
Latitude 5580,Student
Alienware 17,Gamer
Satellite Pro,Student
Zenbook UX510UW-FI095T,Student
SmartBook Edge,Student
ROG Strix,Gamer
Latitude 5580,Student
Inspiron 5570,Student
250 G6,Student
Omen 15-ce006nv,Gamer
Thinkpad E470,Student
XPS 13,Executive
Vostro 5468,Student
Envy 13-AB020nr,Executive
Aspire 7,Gamer
VivoBook X540YA-XX519T,Student
ProBook 450,Student
ThinkPad E470,Student
V310-15ISK i5-6200U4GB1TBFHDNo,Student
250 G6,Student
ThinkPad T570,Student
IdeaPad 320-15ISK,Student
Latitude 5580,Student
Alienware 17,Gamer
17-X047na i3-6006U8GB1TBW10,Student
ProBook 470,Student
A541NA-GO342 N33504GB500GBLinux,Student
SmartBook 130,Student
IdeaPad 320-17IKB,Student
15-bw007nv A10-9620P6GB128GBRadeon,Student
Vostro 3568,Student
Spin SP111-31,Home User
V330-15IKB i3-7130U4GB128GBFHDW10,Student
EliteBook 1030,Executive
Thinkpad P71,Student
FX553VD-DM627T i5-7300HQ8GB1TB,Student
XPS 13,Executive
Latitude 5580,Student
Lifebook A557,Student
IdeaPad 320-15IAP,Student
ThinkPad L470,Student
ZBook 17,Data Scientist
14-am079na N37108GB2TBW10,Student
15-cd005nv A9-94206GB256GBRadeon,Student
Thinkpad E570,Student
V330-15IKB i5-8250U4GB500GBFHDW10,Student
SmartBook 141,Student
Tecra X40-D-10H,Executive
IdeaPad Y910-17ISK,Gamer
GT73VR Titan,Gamer
Inspiron 3567,Student
SmartBook Edge,Student
Latitude 5580,Student
ProBook 430,Student
Latitude 5580,Student
Chromebook 11,Home User
GT80S 6QE,Gamer
Omen 17-AN010nv,Gamer
Thinkpad T460s,Executive
Ideapad 320-15IKBR,Student
ROG Strix,Gamer
TP501UA-CJ131T i5-7200U8GB1TBW10,Home User
IdeaPad 320-15ABR,Student
Inspiron 3179,Home User
Student Odyssey,Student
V320-17ISK i3-6006U4GB500GBFHDNo,Student
IdeaPad 110-15ISK,Student
ThinkPad Yoga,Home User
Thinkpad T470p,Student
Latitude 5289,Home User
Precision 3520,Data Scientist
EliteBook 850,Student
ProBook 450,Student
Aspire 1,Student
Laptop MSI,Gamer
Vostro 3568,Student
GS63VR 7RF,Gamer
Tecra Z50-C-144,Student
IdeaPad 310-15IKB,Student
Yoga 720-15IKB,Home User
Swift SF114-31-P5HY,Student
Thinkpad P51,Student
Inspiron 7559,Gamer
Vostro 3568,Student
Inspiron 3567,Student
Latitude 5580,Student
FX753VD-GC007T i7-7700HQ8GB1TB,Gamer
Vostro 3568,Student
EliteBook 850,Executive
GT62VR 7RE,Gamer
CB5-132T-C9KK N31604GB32GBChrome,Home User
ProBook 650,Student
ThinkPad T470,Student
Inspiron 5570,Student
LifeBook A557,Student
EliteBook 850,Student
IdeaPad 320-15IKB,Student
SmartBook 140,Student
IdeaPad 320-15IKBN,Student
Q304UA-BHI5T11 i5-7200U6GB1TBFHDW10,Home User
XPS 15,Student
ZenBook 3,Executive
Inspiron 7567,Gamer
V330-15IKB i5-8250U4GB256GBFHDW10,Student
Ideapad 320-15ISK,Student
X541NA-GO414T N33508GB1TBW10,Student
VivoBook Pro,Student
XPS 13,Executive
IdeaPad 100S-14IBR,Student
Thinkpad Yoga,Home User
XPS 15,Student
Legion Y520-15IKBN,Gamer
17-AK091ND A9-94208GB1TBW10,Student
ThinkPad X1,Executive
ROG GL553VE-FY022,Gamer
Extensa EX2540,Student
IdeaPad 100S-14IBR,Student
Swift 3,Executive
Blade Pro,Gamer
Portege Z30-C-16J,Student
Thinkpad X270,Executive
ROG G701VI,Gamer
A715-71G-59DH i5-7300HQ8GB1TBGeForce,Gamer
XPS 13,Executive
GL62M 7REX,Gamer
250 G6,Student
Tecra A50-D-11M,Student
Inspiron 5570,Student
Inspiron 5570,Student
IdeaPad Y700-15ISK,Gamer
Alienware 17,Gamer
Latitude E7470,Student
Ideapad 320-15IAP,Student
IdeaPad 320-15ISK,Student
15-ay047nv i3-6006U6GB1TBRadeon,Student
GP72VR Leopard,Gamer
Satellite Pro,Student
Latitude 3580,Student
15-bs012nv i7-7500U8GB1TBRadeon,Student
Tecra Z50-D-10E,Student
Aspire 3,Student
Surface Laptop,Executive
V310-15ISK i5-7200U8GB1TB,Student
Yoga 720-13IKB,Home User
IdeaPad 320-15AST,Student
Pavilion X360,Home User
GP62 7RDX,Gamer
Zenbook 3,Executive
Chromebook X360,Home User
Gram 15Z975,Executive
Aspire VX5-591G,Gamer
GV62M 7RD,Gamer
L502NA-GO052T N33504GB128GBW10,Student
Alienware 15,Gamer
17-bs000nv I3,Student
Yoga 730,Home User
Alienware 15,Gamer
250 G6,Student
Inspiron 3567,Student
17-Y002nv A10-9600P6GB2TBRadeon,Student
V110-15ISK 3855U4GB500GBW10,Student
Chromebook 14,Student
IdeaPad 520s-14IKB,Student
ZBook 17,Data Scientist
ThinkPad X1,Home User
Satellite Pro,Student
TravelMate B117-M,Home User
Yoga 910-13IKB,Home User
Chromebook Flip,Home User
Portege Z30T-C-133,Executive
15-bs011nv i7-7500U4GB500GBRadeon,Student
Inspiron 5577,Gamer
IdeaPad 320-15AST,Student
IdeaPad 320-15ABR,Student
V310-15IKB i5-7200U4GB1TBFHDW10,Student
V310-15ISK i3-6006U4GB500GBNo,Student
Vostro 5568,Student
Spin 5,Home User
ThinkPad P51s,Data Scientist
Thinkpad T460p,Student
17-ak002nv A10-9620P6GB2TBRadeon,Student
Legion Y520-15IKBN,Gamer
Latitude 5480,Student
Vostro 5568,Student
VivoBook E403NA,Student
Latitude 5580,Student
Thinkpad E470,Student
Latitude 5580,Student
110-15ACL A6-73104GB500GBW10,Student
Smartbook 142,Student
ProBook 470,Student
ThinkPad X1,Executive
Pavilion X360,Home User
ThinkPad T470s,Executive
Alienware 17,Gamer
GL72M 7REX,Gamer
V310-15IKB i5-7200U4GB1TBNo,Student
Inspiron 5570,Student
Inspiron 5378,Home User
Inspiron 5567,Student
15-BW037na A9-94204GB1TBRadeon,Student
Predator 17,Gamer
Inspiron 3567,Student
15-BW091ND A9-94206GB1TB,Student
Extensa EX2540-58KR,Student
ThinkPad 13,Student
V310-15IKB i7-7500U4GB1TBFHDW10,Student
ZBook 15,Data Scientist
Inspiron 5379,Home User
GS63VR 7RF,Gamer
Aspire ES1-572,Student
Inspiron 7560,Student
Vostro 3568,Student
Tecra X40-D-10G,Student
Flex 5,Home User
Thinkpad P51s,Data Scientist
Chromebook 14,Student
Student 9,Executive
250 G6,Student
Latitude 5480,Student
Zbook 17,Data Scientist
N23 N30604GB128GBW10,Home User
EliteBook 850,Student
X550VX-XX015D i5-6300HQ4GB1TBGeForce,Student
Thinkpad T460,Executive
Pro P2540UA-XO0192R,Student
Yoga 900-13ISK,Home User
15-cb003na i5-7300HQ8GB1TB,Student
ZBook 15,Data Scientist
Alienware 17,Gamer
Aspire 3,Student
Legion Y520-15IKBN,Gamer
Latitude 7280,Executive
Pixelbook Core,Executive
Zenbook UX330UA-AH5Q,Executive
Latitude 3380,Student
TravelMate P238-M,Student
X751NV-TY001 N42004GB1TBGeForce,Student
Inspiron 7559,Gamer
Student 9,Executive
Aspire A315-31,Student
Inspiron 5567,Student
Student 9,Home User
Tecra A40-C-1E5,Student
Inspiron 7567,Gamer
EliteBook 820,Executive
Q524UQ-BHI7T15 i7-7500U12GB2TBGeForce,Home User
Thinkpad P50,Student
Swift 3,Student
Blade Pro,Gamer
Vivobook Max,Student
Alienware 17,Gamer
Rog G752VS-BA171T,Gamer
Tecra Z40-C-161,Executive
IdeaPad 110-15IBR,Student
ThinkPad T470s,Executive
GS43VR 7RE,Gamer
GL62M i5-7300HQ8GB1TB,Gamer
Legion Y520-15IKBN,Gamer
Predator G9-793,Gamer
Inspiron 7567,Gamer
FX502VM-DM560T i7-7700HQ8GB1TB,Gamer
K146 N33504GB32GBW10,Student
ThinkPad Yoga,Home User
Yoga 510-15IKB,Home User
MacBook 12,Executive
ThinkPad X1,Home User
R417NA-RS01 N33504GB32GBW10,Student
Latitude 3580,Student
Yoga 910-13IKB,Home User
Vostro 5568,Student
ZBook 17,Data Scientist
Pro P2540UA-XS51,Student
XPS 13,Executive
XPS 15,Student
Latitude 3180,Home User
EliteBook 820,Home User
Satellite Pro,Student
15-ba043na A12-9700P8GB2TBW10,Student
Inspiron 7567,Gamer
IdeaPad 310-15IKB,Student
Omen 17-an012dx,Gamer
GE72MVR 7RG,Gamer
Student 9,Executive
Vostro 5568,Student
Vostro 3568,Student
Thinkpad T470s,Executive
Blade Stealth,Executive
Chromebook 11,Home User
Alienware 17,Gamer
Latitude 3480,Student
V110-15ISK i3-6006U4GB500GBW10,Student
Tecra X40-D-10Z,Executive
Thinkpad X1,Executive
GL62M 7RD,Gamer
ThinkPad X1,Executive
Satellite Pro,Student
ZenBook Flip,Home User
Latitude 3480,Student
Chromebook 11,Home User
Swift 3,Student
Blade Pro,Gamer
Thinkpad X1,Executive
VivoBook Max,Student
Thinkpad T460,Student
ThinkPad T470s,Student
Alienware 15,Gamer
Rog GL702VS-BA023T,Gamer
Satellite Pro,Student
N42-20 Chromebook,Student
R558UA-DM966T i5-7200U8GB128GBFHDW10,Student
Rog GL702VM-GC017T,Gamer
Alienware 17,Gamer
ProBook 470,Student
Vostro 3568,Student
EliteBook 840,Executive
Vostro 3568,Student
Chromebook X360,Home User
ZenBook UX310UQ-GL026T,Executive
EliteBook x360,Home User
EliteBook 840,Executive
250 G6,Student
Rog GL502VM-DS74,Gamer
Inspiron 5767,Student
ThinkPad T470p,Executive
K556UR-DM621T i7-7500U8GB256GBGeForce,Student
Latitude 5580,Student
X541NA N42004GB1TBW10,Student
EliteBook x360,Home User
Inspiron 5368,Student
IdeaPad 110-15ISK,Student
ThinkPad E570,Student
EliteBook 850,Student
Portege X30-D-10X,Student
Legion Y520-15IKBN,Gamer
XPS 13,Executive
Probook 450,Student
Port�g� Z30-C-188,Executive
ThinkPad Yoga,Home User
TMX349-G2-M-50FS i5-7200U8GB256GBFHDW10,Student
Precision 3520,Data Scientist
ThinkPad L570,Student
IdeaPad 110-15ISK,Student
Tecra A50-D-11D,Student
Thinkpad 13,Student
Student 9,Executive
Latitude 7280,Executive
X541NA-GO121 N42004GB1TBLinux,Student
Mi Student,Executive
Vostro 5568,Student
ProBook 450,Student
EliteBook x360,Home User
Pavilion x360,Home User
VivoBook L402NA,Student
IdeaPad 510-15ISK,Student
Inspiron 3552,Student
EliteBook x360,Home User
Vostro 3568,Student
Rog GL753VD-GC082T,Gamer
Chromebook C731-C78G,Home User
IdeaPad 110-17ACL,Student
Probook 640,Student
Envy x360,Home User
Student 9,Executive
ThinkPad T470s,Executive
GS73VR Stealth,Gamer
Portege X30-D-10V,Student
Inspiron 7567,Gamer
ProBook 450,Student
Vostro 3568,Student
Latitude 5580,Student
XPS 13,Home User
G701VO-IH74K i7-6820HK32GB2x,Gamer
XPS 13,Home User
ThinkPad X1,Executive
ThinkPad T570,Student
Gram 15Z970,Executive
Elitebook 820,Executive
Chromebook CB5-571-C1DZ,Student
IdeaPad Y700-15ISK,Student
Gram 14Z970,Executive
Latitude 5480,Student
Elitebook Folio,Executive
IdeaPad 510-15IKB,Student
ProBook 450,Student
Aspire E5-575,Student
ThinkPad 13,Student
Probook 430,Student
GE72VR 6RF,Gamer
Inspiron 7567,Gamer
GL62M 7RD,Gamer
Vostro 3568,Student
EliteBook 850,Executive
Envy 13-AB077cl,Executive
Tecra Z50-C-140,Student
ThinkPad Yoga,Home User
Latitude 3580,Student
Thinkpad X270,Executive
Probook 650,Student
Vostro 3568,Student
ProBook 640,Student
IdeaPad 320-15IAP,Student
EliteBook 820,Executive
250 G6,Student
Yoga 900-13ISK,Home User
Tecra Z40-C-12X,Student
EliteBook 820,Home User
Vostro 3568,Student
GP62M Leopard,Gamer
Latitude 7480,Executive
Alienware 17,Gamer
Omen 17-W006na,Gamer
X751SV-TY001T N37104GB1TBGeForce,Student
TravelMate P259-G2,Student
Tecra A50-C-1ZV,Student
Yoga 700-11ISK,Home User
IdeaPad Y700-15ACZ,Gamer
Latitude 7280,Executive
IdeaPad 310-15IKB,Student
Insprion 5767,Student
Chromebook 14,Student
ZBook Studio,Data Scientist
Latitude 7480,Executive
Portege Z30-C-1CW,Student
Chromebook Flip,Home User
Thinkpad T460,Executive
Alienware 17,Gamer
XPS 13,Home User
ProBook x360,Home User
XPS 13,Executive
Chromebook C738T-C2EJ,Home User
Portege Z30-C-16Z,Student
ThinkPad X270,Executive
Aspire F5-573G-510L,Student
Portege X20W-D-10V,Executive
ProBook 450,Student
Inspiron 3567,Student
Latitude 5580,Student
ProBook 450,Student
Alienware 17,Gamer
IdeaPad 310-15IKB,Student
XPS 13,Home User
Latitude E7470,Executive
Alienware 17,Gamer
Tecra A40-C-1DF,Student
Rog Strix,Gamer
Probook 450,Student
ThinkPad T460,Student
Q534UX-BHI7T19 i7-7500U16GB2TB,Home User
15-bs053od i7-7500U6GB1TBW10,Student
Rog GL753VE-DS74,Gamer
Inspiron 7579,Home User
Portege Z30-C-1CV,Student
IdeaPad 320-15ABR,Student
LifeBook A556,Student
Tecra A40-C-1KF,Student
Inspiron 3567,Student
Probook 450,Student
Legion Y520-15IKBN,Gamer
Inspiron 5567,Student
Latitude 5480,Student
EliteBook Folio,Home User
15-bs005nv i3-6006U4GB1TB,Student
V110-15IAP N33504GB128GBNo,Student
ThinkPad T560,Student
Inspiron 5378,Home User
ZenBook UX310UA-FB485T,Student
Spectre 13-V111dx,Executive
Aspire ES1-533,Student
Rog GL553VE-DS74,Gamer
EliteBook 840,Executive
Nitro 5,Gamer
ENVY -,Student
Vostro 3568,Student
Probook 440,Student
Portege Z30-C-16H,Student
EliteBook 840,Student
ProBook 640,Student
EliteBook 1040,Executive
ProBook 440,Student
Probook 440,Student
Inspiron 7567,Gamer
EliteBook 820,Executive
Elitebook 840,Student
EliteBook 840,Executive
Probook 430,Student
Portege A30-C-1CZ,Student
ProBook 450,Student
ThinkPad P70,Student
Tecra Z40-C-12Z,Student
EliteBook 1040,Student
Inspiron 5568,Home User
Port�g� Z30-C-16K,Executive
Spectre 13-V100nv,Student
ProBook 440,Student
Latitude E5570,Student
Elitebook 820,Executive
ProBook 650,Student
ProBook 640,Student
XPS 13,Executive
Probook 470,Student
ProBook 440,Student
Aspire 3,Student
GL72M 7RDX,Gamer
Probook 640,Student
EliteBook 850,Student
EliteBook 820,Executive
ProBook 450,Student
Tecra Z40-C-136,Executive
Latitude E5570,Student
ProBook 440,Student
Yoga 500-15ISK,Home User
V142 X5-Z83502GB32GBW10,Student
Tecra A50-C-218,Student
Thinkpad L560,Student
EliteBook 840,Student
EliteBook 850,Student
EliteBook 1040,Student
GT72S Dominator,Gamer
IdeaPad Y900-17ISK,Gamer
Chromebook C202SA,Home User
ThinkPad X1,Student
Noteb Pav,Student
Inspiron 5578,Home User
ProBook 450,Student
XPS 13,Executive
ProBook 650,Student
250 G5,Student
Aspire ES1-523,Student
Inspiron 7378,Home User
GT62VR 6RD,Gamer
ProBook 450,Student
Rog G752VL-GC088D,Gamer
Inspiron 3567,Student
Inspiron 5567,Student
GS63VR 6RF,Gamer
XPS 13,Executive
ROG G701VO,Gamer
Inspiron 5368,Home User
Alienware 15,Gamer
MacBook 12,Executive
Latitude 3570,Student
ProBook 650,Student
EliteBook 820,Executive
ProBook 430,Student
ThinkPad Yoga,Executive
IdeaPad 300-17ISK,Student
Ideapad 700-15ISK,Student
GT72VR Dominator,Gamer
V110-15ISK i5-6200U4GB500GBW10,Student
Probook 650,Student
Yoga 900S-12ISK,Executive
IdeaPad Y900-17ISK,Gamer
Yoga Book,Home User
Spectre x360,Executive
Vostro 3568,Student
EliteBook 840,Student
ZBook 15u,Data Scientist
ThinkPad T460,Student
Chromebook 13,Student
Aspire ES1-523,Student
Inspiron 3552,Student
250 G6,Student
Rog GL702VM-GC354T,Gamer
Inspiron 5370,Executive
Elitebook 820,Home User
Aspire F5-573G,Student
Inspiron 5567,Student
GS70 Stealth,Gamer
250 G5,Student
G752VY-GC162T i7-6700HQ16GB1TB,Gamer
Latitude E5270,Executive
Latitude E5270,Executive
Chromebook 15,Student
ZBook 17,Data Scientist
Legion Y520-15IKBN,Gamer
Latitude E5270,Executive
GE72 Apache,Gamer
Yoga 500-15ISK,Home User
15-bw011nv A6-92204GB1TBFHDW10,Student
Rog GL552VW-CN470T,Gamer
EliteBook 1030,Student
Vostro 3559,Student
V110-15ISK i3-6006U4GB128GBW10,Student
Spectre Pro,Executive
Yoga Book,Home User
XPS 13,Executive
IdeaPad Y900-17ISK,Gamer
Blade Stealth,Executive
Portege X30-D-10K,Executive
Rog GL752VW-T4308T,Gamer
V131 X5-Z83504GB32GBFHDW10,Student
Spectre Pro,Student
EliteBook 1040,Student
Latitude E5570,Student
VivoBook Max,Student
ThinkPad Yoga,Home User
Yoga Book,Home User
EliteBook 820,Executive
Legion Y520-15IKBN,Gamer
Omen -,Gamer
15-bs078cl i7-7500U8GB2TBW10,Student
ThinkPad P40,Home User
L403NA-GA013TS N33504GB32GBW10,Student
250 G6,Executive
Aspire E5-576G,Student
IdeaPad 500-15ISK,Student
ZBook 17,Data Scientist
Inspiron 5567,Student
GT72S Dominator,Gamer
EliteBook 850,Executive
ThinkPad X1,Home User
GP62M 7RDX,Gamer
Spectre Pro,Home User
ZBook 15,Data Scientist
Spectre Pro,Home User
ZBook Studio,Data Scientist
EliteBook 820,Executive
Vostro 5568,Student
EliteBook 850,Student
ThinkPad X1,Home User
V110-15ISK i3-6006U4GB1TBNo,Student
15-BA015wm E2-71104GB500GBW10,Student
B51-80 i5-6200U8GB1TBRadeon,Student
Inspiron 7567,Gamer
XPS 15,Student
15-bw002nv A6-92204GB256GBRadeon,Student
GP72M 7REX,Gamer
ThinkPad T460s,Executive
B51-80 i5-6200U8GB1008GBRadeon,Student
Spectre Pro,Home User
ThinkPad T460,Executive
GS40 Phantom,Gamer
Pavilion 15-cb003nv,Gamer
IdeaPad 310-15ISK,Student
250 G4,Student
Inspiron 7567,Gamer
ThinkPad T570,Student
320-15ISK i3-6006U4GB1TBGeForce,Student
Stream 14-AX000nv,Student
PL60 7RD,Gamer
250 G5,Student
ProBook 450,Student
X553SA-XX021T N30504GB500GBW10,Student
V110-15ISK i5-6200U4GB500GBNo,Student
IdeaPad 510-15IKB,Student
UX410UA-GV097T i3-7100U4GB256GBFHDW10,Student
B51-80 i7-6500U4GB1008GBFHDW7,Student
IdeaPad Y700-15ISK,Gamer
GS60 Ghost,Gamer
ProBook 450,Student
ThinkPad X1,Home User
IdeaPad 310-15IKB,Executive
Vostro 5568,Student
Aspire 3,Student
Pavilion 15-BC000nv,Student
Rog GL552VW-DM201T,Gamer
Inspiron 5578,Home User
Aspire E5-576G,Student
XPS 13,Executive
Predator G9-793,Gamer
Legion Y520-15IKBN,Gamer
Chromebook Plus,Home User
250 G6,Student
MacBook 12,Executive
Inspiron 7378,Home User
Pavilion Power,Student
V110-15ISK i3-6006U4GB1TBRadeon,Student
Rog G752VY-GC229T,Gamer
Aspire 3,Student
GS73VR 7RF,Gamer
Inspiron 5567,Student
IdeaPad 310-15ISK,Student
Inspiron 5579,Home User
XPS 13,Executive
FX502VM-DM105T i7-6700HQ8GB1TBGeForce,Gamer
Inspiron 5567,Student
15-bs025nv i5-7200U8GB256GBW10,Student
IdeaPad 320-15AST,Student
Aspire E5-774G,Student
Rog Strix,Gamer
MacBook 12,Executive
FX502VM-AS73 i7-7700HQ16GB1TB,Student
GS73VR Stealth,Gamer
Inspiron 7579,Home User
ROG Strix,Gamer
C740-C9QX 3205U2GB32GBChrome,Home User
E5 774G,Student
IdeaPad 320-17IKB,Student
IdeaPad Y700-15ISK,Gamer
SP714-51 i7-7Y758GB256GBFHDW10,Home User
Thinkpad T560,Student
GP62MVR 6RF,Gamer
15-bw009nv A12-9720P6GB1TBRadeon,Student
Latitude E7270,Executive
Inspiron 5578,Home User
X540SA-RBPDN09 N37104GB1TBW10,Student
XPS 13,Executive
Vostro 3568,Student
IdeaPad Y700-15ISK,Gamer
GL62M 7RDX,Gamer
ThinkPad Yoga,Home User
Blade Pro,Gamer
Inspiron 3567,Student
GE72VR Apache,Gamer
MacBook Air,Executive
15-bs023nv i3-6006U4GB1TBFHDW10,Student
EliteBook 840,Executive
Vostro 3559,Student
GL62 6QF,Gamer
ThinkPad 13,Student
IdeaPad 320-15ABR,Student
ZenBook UX310UA-WB71,Executive
Aspire ES1-572,Student
Inspiron 7779,Home User
EliteBook 840,Student
Rog GL553VE-FY052T,Gamer
Latitude 5480,Student
Rog GL502VS,Gamer
V510-15IKB i5-7200U8GB256GBFHDNo,Student
XPS 13,Home User
Inspiron 3552,Student
255 G6,Student
IdeaPad 310-15ISK,Student
ThinkPad L460,Student
Inspiron 3552,Student
X541NA-GO020T N33504GB1TBW10,Student
Rog G752VT-GC073T,Gamer
Vostro 3568,Student
B51-80 i7-6500U8GB1008GBRadeon,Student
GE62 Apache,Gamer
Yoga 500-14IBD,Home User
ZenBook UX305CA-UBM1,Executive
Inspiron 3567,Student
Aspire ES1-531,Student
Inspiron 3552,Student
IdeaPad Y700-15ISK,Student
Pavilion 15-AW003nv,Student
Inspiron 3567,Student
Stream 11-Y000na,Home User
X556UJ-XO044T i7-6500U4GB500GBGeForce,Student
Yoga 500-14ISK,Home User
Yoga 900-13ISK,Home User
IdeaPad 100S-14IBR,Student
15-AC110nv i7-6500U6GB1TBRadeon,Student
X553SA-XX031T N30504GB500GBW10,Student
ZenBook UX305CA-UBM1,Executive
Inspiron 3567,Student
Aspire ES1-531,Student
Inspiron 3552,Student
IdeaPad Y700-15ISK,Student
Pavilion 15-AW003nv,Student
Inspiron 3567,Student
Stream 11-Y000na,Home User
X556UJ-XO044T i7-6500U4GB500GBGeForce,Student
Yoga 500-14ISK,Home User
Yoga 900-13ISK,Home User
IdeaPad 100S-14IBR,Student
15-AC110nv i7-6500U6GB1TBRadeon,Student
X553SA-XX031T N30504GB500GBW10,Student
ZenBook UX305CA-UBM1,Executive
Inspiron 3567,Student
Aspire ES1-531,Student
Inspiron 3552,Student
IdeaPad Y700-15ISK,Student
Pavilion 15-AW003nv,Student
Inspiron 3567,Student
Stream 11-Y000na,Home User
X556UJ-XO044T i7-6500U4GB500GBGeForce,Student
Yoga 500-14ISK,Home User
Yoga 900-13ISK,Home User
IdeaPad 100S-14IBR,Student
15-AC110nv i7-6500U6GB1TBRadeon,Student
X553SA-XX031T N30504GB500GBW10,Student